,symbol,name,sector,subSector,headQuarter,dateFirstAdded,cik,founded
0,MMM,3M,Industrials,Industrial Conglomerates,"Saint Paul, Minnesota",1976-08-09,0000066740,1902
1,AOS,A. O. Smith,Industrials,Building Products,"Milwaukee, Wisconsin",2017-07-26,0000091142,1916
2,ABT,Abbott,Health Care,Health Care Equipment,"North Chicago, Illinois",1964-03-31,0000001800,1888
3,ABBV,AbbVie,Health Care,Pharmaceuticals,"North Chicago, Illinois",2012-12-31,0001551152,2013
4,ABMD,Abiomed,Health Care,Health Care Equipment,"Danvers, Massachusetts",2018-05-31,0000815094,1981
5,ACN,Accenture,Information Technology,IT Consulting & Other Services,"Dublin, Ireland",2011-07-06,0001467373,1989
6,ATVI,Activision Blizzard,Communication Services,Interactive Home Entertainment,"Santa Monica, California",2015-08-31,0000718877,2008
7,ADM,ADM,Consumer Staples,Agricultural Products,"Chicago, Illinois",1981-07-29,0000007084,1902
8,ADBE,Adobe,Information Technology,Application Software,"San Jose, California",1997-05-05,0000796343,1982
9,ADP,ADP,Information Technology,Data Processing & Outsourced Services,"Roseland, New Jersey",1981-03-31,0000008670,1949
10,AAP,Advance Auto Parts,Consumer Discretionary,Automotive Retail,"Raleigh, North Carolina",2015-07-09,0001158449,1932
11,AES,AES,Utilities,Independent Power Producers & Energy Traders,"Arlington, Virginia",1998-10-02,0000874761,1981
12,AFL,Aflac,Financials,Life & Health Insurance,"Columbus, Georgia",1999-05-28,0000004977,1955
13,A,Agilent Technologies,Health Care,Health Care Equipment,"Santa Clara, California",2000-06-05,0001090872,1999
14,AIG,AIG,Financials,Property & Casualty Insurance,"New York City, New York",1980-03-31,0000005272,1919
15,APD,Air Products,Materials,Industrial Gases,"Allentown, Pennsylvania",1985-04-30,0000002969,1940
16,AKAM,Akamai,Information Technology,Internet Services & Infrastructure,"Cambridge, Massachusetts",2007-07-12,0001086222,1998
17,ALK,Alaska Air Group,Industrials,Airlines,"Seattle, Washington",2016-05-13,0000766421,1985
18,ALB,Albemarle,Materials,Specialty Chemicals,"Charlotte, North Carolina",2016-07-01,0000915913,1994
19,ARE,Alexandria,Real Estate,Office REITs,"Pasadena, California",2017-03-20,0001035443,1994
20,ALGN,Align,Health Care,Health Care Supplies,"San Jose, California",2017-06-19,0001097149,1997
21,ALLE,Allegion,Industrials,Building Products,"New York City, New York",2013-12-02,0001579241,1908
22,LNT,Alliant Energy,Utilities,Electric Utilities,"Madison, Wisconsin",2016-07-01,0000352541,1917
23,ALL,Allstate,Financials,Property & Casualty Insurance,"Northfield Township, Illinois",1995-07-13,0000899051,1931
24,GOOGL,Alphabet (Class A),Communication Services,Interactive Media & Services,"Mountain View, California",2014-04-03,0001652044,1998
25,GOOG,Alphabet (Class C),Communication Services,Interactive Media & Services,"Mountain View, California",2006-04-03,0001652044,1998
26,MO,Altria,Consumer Staples,Tobacco,"Richmond, Virginia",1957-03-04,0000764180,1985
27,AMZN,Amazon,Consumer Discretionary,Internet & Direct Marketing Retail,"Seattle, Washington",2005-11-18,0001018724,1994
28,AMCR,Amcor,Materials,Paper Packaging,"Warmley, Bristol, United Kingdom",2019-06-07,0001748790,2019
29,AMD,AMD,Information Technology,Semiconductors,"Santa Clara, California",,0000002488,1969
30,AEE,Ameren,Utilities,Multi-Utilities,"St. Louis, Missouri",1991-09-19,0001002910,1902
31,AAL,American Airlines Group,Industrials,Airlines,"Fort Worth, Texas",2015-03-23,0000006201,1934
32,AEP,American Electric Power,Utilities,Electric Utilities,"Columbus, Ohio",1957-03-04,0000004904,1906
33,AXP,American Express,Financials,Consumer Finance,"New York City, New York",1976-06-30,0000004962,1850
34,AMT,American Tower,Real Estate,Specialized REITs,"Boston, Massachusetts",2007-11-19,0001053507,1995
35,AWK,American Water,Utilities,Water Utilities,"Camden, New Jersey",2016-03-04,0001410636,1886
36,AMP,Ameriprise Financial,Financials,Asset Management & Custody Banks,"Minneapolis, Minnesota",2005-10-03,0000820027,1894
37,ABC,AmerisourceBergen,Health Care,Health Care Distributors,"Chesterbrook, Pennsylvania",2001-08-30,0001140859,1985
38,AME,Ametek,Industrials,Electrical Components & Equipment,"Berwyn, Pennsylvania",2013-09-23,0001037868,1930
39,AMGN,Amgen,Health Care,Biotechnology,"Thousand Oaks, California",1992-01-02,0000318154,1980
40,APH,Amphenol,Information Technology,Electronic Components,"Wallingford, Connecticut",2008-09-30,0000820313,1932
41,ADI,Analog Devices,Information Technology,Semiconductors,"Wilmington, Massachusetts",1999-10-12,0000006281,1965
42,ANSS,Ansys,Information Technology,Application Software,"Canonsburg, Pennsylvania",2017-06-19,0001013462,1969
43,ANTM,Anthem,Health Care,Managed Health Care,"Indianapolis, Indiana",2002-07-25,0001156039,2014
44,AON,Aon,Financials,Insurance Brokers,"London, UK",1996-04-23,0000315293,1982
45,APA,APA Corporation,Energy,Oil & Gas Exploration & Production,"Houston, Texas",1997-07-28,0000006769,1954
46,AAPL,Apple,Information Technology,"Technology Hardware, Storage & Peripherals","Cupertino, California",1982-11-30,0000320193,1977
47,AMAT,Applied Materials,Information Technology,Semiconductor Equipment,"Santa Clara, California",1995-03-16,0000006951,1967
48,APTV,Aptiv,Consumer Discretionary,Auto Parts & Equipment,"Dublin, Ireland",2012-12-24,0001521332,1994
49,ANET,Arista,Information Technology,Communications Equipment,"Santa Clara, California",2018-08-28,0001596532,2004
50,AIZ,Assurant,Financials,Multi-line Insurance,"New York City, New York",2007-04-10,0001267238,1892
51,T,AT&T,Communication Services,Integrated Telecommunication Services,"Dallas, Texas",1983-11-30,0000732717,1983
52,ATO,Atmos Energy,Utilities,Gas Utilities,"Dallas, Texas",2019-02-15,0000731802,1906
53,ADSK,Autodesk,Information Technology,Application Software,"San Rafael, California",1989-12-01,0000769397,1982
54,AZO,AutoZone,Consumer Discretionary,Specialty Stores,"Memphis, Tennessee",1997-01-02,0000866787,1979
55,AVB,AvalonBay Communities,Real Estate,Residential REITs,"Arlington, Virginia[3]",2007-01-10,0000915912,1978
56,AVY,Avery Dennison,Materials,Paper Packaging,"Glendale, California",1987-12-31,0000008818,1990
57,BKR,Baker Hughes,Energy,Oil & Gas Equipment & Services,"Houston, Texas",2017-07-07,0001701605,2017
58,BLL,Ball,Materials,Metal & Glass Containers,"Broomfield, Colorado",1984-10-31,0000009389,1880
59,BAC,Bank of America,Financials,Diversified Banks,"Charlotte, North Carolina",1976-06-30,0000070858,1998
60,BBWI,Bath & Body Works,Consumer Discretionary,Specialty Stores,"Columbus, Ohio",1983-09-30,0000701985,1963
61,BAX,Baxter,Health Care,Health Care Equipment,"Deerfield, Illinois",1972-09-30,0000010456,1931
62,BDX,Becton Dickinson,Health Care,Health Care Equipment,"Franklin Lakes, New Jersey",1972-09-30,0000010795,1897
63,WRB,Berkley,Financials,Property & Casualty Insurance,"Greenwich, Connecticut",2019-12-05,0000011544,1967
64,BRK-B,Berkshire Hathaway,Financials,Multi-Sector Holdings,"Omaha, Nebraska",2010-02-16,0001067983,1839
65,BBY,Best Buy,Consumer Discretionary,Computer & Electronics Retail,"Richfield, Minnesota",1999-06-29,0000764478,1966
66,BIO,Bio-Rad,Health Care,Life Sciences Tools & Services,"Hercules, California",2020-06-22,0000012208,1952
67,TECH,Bio-Techne,Health Care,Life Sciences Tools & Services,"Minneapolis, Minnesota",2021-08-30,0000842023,1976
68,BIIB,Biogen,Health Care,Biotechnology,"Cambridge, Massachusetts",2003-11-13,0000875045,1978
69,BLK,BlackRock,Financials,Asset Management & Custody Banks,"New York City, New York",2011-04-04,0001364742,1988
70,BK,BNY Mellon,Financials,Asset Management & Custody Banks,"New York City, New York",1995-03-31,0001390777,1784
71,BA,Boeing,Industrials,Aerospace & Defense,"Chicago, Illinois",1957-03-04,0000012927,1916
72,BKNG,Booking Holdings,Consumer Discretionary,Internet & Direct Marketing Retail,"Norwalk, Connecticut",2009-11-06,0001075531,1996
73,BWA,BorgWarner,Consumer Discretionary,Auto Parts & Equipment,"Auburn Hills, Michigan",2011-12-19,0000908255,1880
74,BXP,Boston Properties,Real Estate,Office REITs,"Boston, Massachusetts",2006-04-03,0001037540,1970
75,BSX,Boston Scientific,Health Care,Health Care Equipment,"Marlborough, Massachusetts[4]",1995-02-24,0000885725,1979
76,BMY,Bristol Myers Squibb,Health Care,Health Care Distributors,"New York City, New York",1957-03-04,0000014272,1989
77,AVGO,Broadcom,Information Technology,Semiconductors,"San Jose, California",2014-05-08,0001730168,1961
78,BR,Broadridge,Information Technology,Data Processing & Outsourced Services,"Lake Success, New York",2018-06-18,0001383312,1962
79,BRO,Brown & Brown,Financials,Insurance Brokers,"Daytona Beach, Florida",2021-09-20,0000079282,1939
80,BF-B,Brown–Forman,Consumer Staples,Distillers & Vintners,"Louisville, Kentucky",1982-10-31,0000014693,1870
81,CHRW,C.H. Robinson,Industrials,Air Freight & Logistics,"Eden Prairie, Minnesota",2007-03-02,0001043277,1905
82,CDNS,Cadence,Information Technology,Application Software,"San Jose, California",2017-09-18,0000813672,1988
83,CZR,Caesars Entertainment,Consumer Discretionary,Casinos & Gaming,"Reno, Nevada",2021-03-22,0001590895,1973
84,CPT,Camden,Real Estate,Residential REITs,"Houston, Texas",2022-04-04,0000906345,1981
85,CPB,Campbell's,Consumer Staples,Packaged Foods & Meats,"Camden, New Jersey",1957-03-04,0000016732,1869
86,COF,Capital One,Financials,Consumer Finance,"Tysons Corner, Virginia",1998-07-01,0000927628,1994
87,CAH,Cardinal Health,Health Care,Health Care Distributors,"Dublin, Ohio",1997-05-27,0000721371,1971
88,KMX,CarMax,Consumer Discretionary,Specialty Stores,"Richmond, Virginia",2010-06-28,0001170010,1993
89,CCL,Carnival,Consumer Discretionary,"Hotels, Resorts & Cruise Lines","Miami, Florida",1998-12-22,0000815097,1972
90,CARR,Carrier,Industrials,Building Products,"Palm Beach Gardens, Florida",2020-04-03,0001783180,2020
91,CTLT,Catalent,Health Care,Pharmaceuticals,"Somerset, New Jersey",2020-09-21,0001596783,2007
92,CAT,Caterpillar,Industrials,Construction Machinery & Heavy Trucks,"Deerfield, Illinois",1957-03-04,0000018230,1925
93,CBOE,Cboe,Financials,Financial Exchanges & Data,"Chicago, Illinois",2017-03-01,0001374310,1973
94,CBRE,CBRE,Real Estate,Real Estate Services,"Dallas, Texas",2006-11-10,0001138118,1906
95,CDW,CDW,Information Technology,Technology Distributors,"Lincolnshire, Illinois",2019-09-23,0001402057,1984
96,CE,Celanese,Materials,Specialty Chemicals,"Irving, Texas",2018-12-24,0001306830,1918
97,CNC,Centene,Health Care,Managed Health Care,"St. Louis, Missouri",2016-03-30,0001071739,1984
98,CNP,CenterPoint Energy,Utilities,Multi-Utilities,"Houston, Texas",1985-07-31,0001130310,1882
99,CDAY,Ceridian,Information Technology,Application Software,"Minneapolis, Minnesota",2021-09-20,0001725057,1992
100,CERN,Cerner,Health Care,Health Care Technology,"North Kansas City, Missouri",2010-04-30,0000804753,1979
101,CF,CF Industries,Materials,Fertilizers & Agricultural Chemicals,"Deerfield, Illinois",2008-08-27,0001324404,1946
102,CRL,Charles River,Health Care,Life Sciences Tools & Services,"Wilmington, Massachusetts",2021-05-14,0001100682,1947
103,SCHW,Charles Schwab,Financials,Investment Banking & Brokerage,"Westlake, Texas",1997-06-02,0000316709,1971
104,CHTR,Charter Communications,Communication Services,Cable & Satellite,"Stamford, Connecticut",2016-09-08,0001091667,1993
105,CVX,Chevron,Energy,Integrated Oil & Gas,"San Ramon, California",1957-03-04,0000093410,1879
106,CMG,Chipotle Mexican Grill,Consumer Discretionary,Restaurants,"Newport Beach, California",2011-04-28,0001058090,1993
107,CB,Chubb,Financials,Property & Casualty Insurance,"Zurich, Switzerland",2010-07-15,0000896159,1985
108,CHD,Church & Dwight,Consumer Staples,Household Products,"Ewing, New Jersey",2015-12-29,0000313927,1847
109,CI,Cigna,Health Care,Managed Health Care,"Bloomfield, Connecticut",1976-06-30,0001739940,1982
110,CINF,Cincinnati Financial,Financials,Property & Casualty Insurance,"Fairfield, Ohio",1997-12-18,0000020286,1950
111,CTAS,Cintas,Industrials,Diversified Support Services,"Mason, Ohio",2001-03-01,0000723254,1929
112,CSCO,Cisco,Information Technology,Communications Equipment,"San Jose, California",1993-12-01,0000858877,1984
113,C,Citigroup,Financials,Diversified Banks,"New York City, New York",1988-05-31,0000831001,1998
114,CFG,Citizens,Financials,Regional Banks,"Providence, Rhode Island",2016-01-29,0000759944,1828
115,CTXS,Citrix,Information Technology,Application Software,"Fort Lauderdale, Florida",1999-12-01,0000877890,1989
116,CLX,Clorox,Consumer Staples,Household Products,"Oakland, California",1969-03-31,0000021076,1913
117,CME,CME Group,Financials,Financial Exchanges & Data,"Chicago, Illinois",2006-08-11,0001156375,1848
118,CMS,CMS Energy,Utilities,Multi-Utilities,"Jackson, Michigan",1999-05-03,0000811156,1886
119,KO,Coca-Cola,Consumer Staples,Soft Drinks,"Atlanta, Georgia",1957-03-04,0000021344,1886
120,CTSH,Cognizant,Information Technology,IT Consulting & Other Services,"Teaneck, New Jersey",2006-11-17,0001058290,1994
121,CL,Colgate-Palmolive,Consumer Staples,Household Products,"New York City, New York",1957-03-04,0000021665,1806
122,CMCSA,Comcast,Communication Services,Cable & Satellite,"Philadelphia, Pennsylvania",2002-11-19,0001166691,1963
123,CMA,Comerica,Financials,Diversified Banks,"Dallas, Texas",1995-12-01,0000028412,1849
124,CAG,Conagra Brands,Consumer Staples,Packaged Foods & Meats,"Chicago, Illinois",1983-08-31,0000023217,1919
125,COP,ConocoPhillips,Energy,Oil & Gas Exploration & Production,"Houston, Texas",1957-03-04,0001163165,2002
126,ED,Con Edison,Utilities,Electric Utilities,"New York City, New York",,0001047862,1823
127,STZ,Constellation Brands,Consumer Staples,Distillers & Vintners,"Victor, New York",2005-07-01,0000016918,1945
128,CEG,Constellation Energy,Utilities,Multi-Utilities,"Baltimore, Maryland",2022-02-02,0001868275,1999
129,COO,CooperCompanies,Health Care,Health Care Supplies,"San Ramon, California",2016-09-23,0000711404,1958
130,CPRT,Copart,Industrials,Diversified Support Services,"Dallas, Texas",2018-07-02,0000900075,1982
131,GLW,Corning,Information Technology,Electronic Components,"Corning, New York",,0000024741,1851
132,CTVA,Corteva,Materials,Fertilizers & Agricultural Chemicals,"Wilmington, Delaware",2019-06-03,0001755672,2019
133,COST,Costco,Consumer Staples,Hypermarkets & Super Centers,"Issaquah, Washington",1993-10-01,0000909832,1976
134,CTRA,Coterra,Energy,Oil & Gas Exploration & Production,"Houston, Texas",2008-06-23,0000858470,2021
135,CCI,Crown Castle,Real Estate,Specialized REITs,"Houston, Texas",2012-03-14,0001051470,1994
136,CSX,CSX,Industrials,Railroads,"Jacksonville, Florida",1967-09-30,0000277948,1980
137,CMI,Cummins,Industrials,Industrial Machinery,"Columbus, Indiana",1965-03-31,0000026172,1919
138,CVS,CVS Health,Health Care,Health Care Services,"Woonsocket, Rhode Island",1957-03-04,0000064803,1996
139,DHI,D.R. Horton,Consumer Discretionary,Homebuilding,"Arlington, Texas",2005-06-22,0000882184,1978
140,DHR,Danaher,Health Care,Health Care Equipment,"Washington, D.C.",,0000313616,1969
141,DRI,Darden,Consumer Discretionary,Restaurants,"Orlando, Florida",,0000940944,1938
142,DVA,DaVita,Health Care,Health Care Facilities,"Denver, Colorado",2008-07-31,0000927066,1979
143,DE,Deere & Co.,Industrials,Agricultural & Farm Machinery,"Moline, Illinois",1957-03-04,0000315189,1837
144,DAL,Delta Air Lines,Industrials,Airlines,"Atlanta, Georgia",2013-09-11,0000027904,1929
145,XRAY,Dentsply Sirona,Health Care,Health Care Supplies,"Charlotte, North Carolina",2008-11-14,0000818479,2016
146,DVN,Devon,Energy,Oil & Gas Exploration & Production,"Oklahoma City, Oklahoma",2000-08-30,0001090012,1971
147,DXCM,DexCom,Health Care,Health Care Equipment,"San Diego, California",2020-05-12,0001093557,1999
148,FANG,Diamondback,Energy,Oil & Gas Exploration & Production,"Midland, Texas",2018-12-03,0001539838,2007
149,DLR,Digital Realty,Real Estate,Specialized REITs,"Austin, Texas",2016-05-18,0001297996,2004
150,DFS,Discover,Financials,Consumer Finance,"Riverwoods, Illinois",2007-07-02,0001393612,1985
151,DISH,Dish,Communication Services,Cable & Satellite,"Meridian, Colorado",2017-03-13,0001001082,1980
152,DIS,Disney,Communication Services,Movies & Entertainment,"Burbank, California",1976-06-30,0001744489,1923
153,DG,Dollar General,Consumer Discretionary,General Merchandise Stores,"Goodlettsville, Tennessee",2012-12-03,0000029534,1939
154,DLTR,Dollar Tree,Consumer Discretionary,General Merchandise Stores,"Chesapeake, Virginia",2011-12-19,0000935703,1986
155,D,Dominion Energy,Utilities,Electric Utilities,"Richmond, Virginia",,0000715957,1983
156,DPZ,Domino's,Consumer Discretionary,Restaurants,"Ann Arbor, Michigan",2020-05-12,0001286681,1960
157,DOV,Dover,Industrials,Industrial Machinery,"Downers Grove, Illinois",1985-10-31,0000029905,1955
158,DOW,Dow,Materials,Commodity Chemicals,"Midland, Michigan",2019-04-01,0001751788,2019
159,DTE,DTE,Utilities,Multi-Utilities,"Detroit, Michigan",1957-03-04,0000936340,1995
160,DUK,Duke Energy,Utilities,Electric Utilities,"Charlotte, North Carolina",1976-06-30,0001326160,1904
161,DRE,Duke Realty,Real Estate,Industrial REITs,"Indianapolis, Indiana",2017-07-26,0000783280,1972
162,DD,DuPont,Materials,Specialty Chemicals,"Wilmington, Delaware",2019-04-02,0001666700,2017
163,DXC,DXC Technology,Information Technology,IT Consulting & Other Services,"Tysons Corner, Virginia",2017-04-04,0001688568,2017
164,EMN,Eastman,Materials,Diversified Chemicals,"Kingsport, Tennessee",1994-01-01,0000915389,1920
165,ETN,Eaton,Industrials,Electrical Components & Equipment,"Dublin, Ireland",,0001551182,1911
166,EBAY,eBay,Consumer Discretionary,Internet & Direct Marketing Retail,"San Jose, California",2002-07-22,0001065088,1995
167,ECL,Ecolab,Materials,Specialty Chemicals,"Saint Paul, Minnesota",1989-01-31,0000031462,1923
168,EIX,Edison International,Utilities,Electric Utilities,"Rosemead, California",1957-03-04,0000827052,1886
169,EW,Edwards Lifesciences,Health Care,Health Care Equipment,"Irvine, California",2011-04-01,0001099800,1958
170,EA,Electronic Arts,Communication Services,Interactive Home Entertainment,"Redwood City, California",2002-07-22,0000712515,1982
171,EMR,Emerson,Industrials,Electrical Components & Equipment,"Ferguson, Missouri",1965-03-31,0000032604,1890
172,ENPH,Enphase,Information Technology,Electronic Components,"Fremont, California",2021-01-07,0001463101,2006
173,ETR,Entergy,Utilities,Electric Utilities,"New Orleans, Louisiana",1957-03-04,0000065984,1913
174,EOG,EOG Resources,Energy,Oil & Gas Exploration & Production,"Houston, Texas",2000-11-02,0000821189,1999
175,EPAM,EPAM,Information Technology,IT Consulting & Other Services,"Newtown, Pennsylvania",2021-12-14,0001352010,1993
176,EFX,Equifax,Industrials,Research & Consulting Services,"Atlanta, Georgia",1997-06-19,0000033185,1899
177,EQIX,Equinix,Real Estate,Specialized REITs,"Redwood City, California",2015-03-20,0001101239,1998
178,EQR,Equity Residential,Real Estate,Residential REITs,"Chicago, Illinois",2001-12-03,0000906107,1969
179,ESS,Essex,Real Estate,Residential REITs,"San Mateo, California",2014-04-02,0000920522,1971
180,EL,Estée Lauder Companies,Consumer Staples,Personal Products,"New York City, New York",2006-01-05,0001001250,1946
181,ETSY,Etsy,Consumer Discretionary,Internet & Direct Marketing Retail,"New York City, New York",2020-09-21,0001370637,2005
182,RE,Everest,Financials,Reinsurance,"Hamilton, Bermuda",2017-06-19,0001095073,1973
183,EVRG,Evergy,Utilities,Electric Utilities,"Kansas City, Missouri",2018-06-05,0001711269,1909
184,ES,Eversource,Utilities,Multi-Utilities,"Hartford, Connecticut",2009,0000072741,1966
185,EXC,Exelon,Utilities,Multi-Utilities,"Chicago, Illinois",1957-03-04,0001109357,2000
186,EXPE,Expedia Group,Consumer Discretionary,Internet & Direct Marketing Retail,"Seattle, Washington",2007-10-02,0001324424,1996
187,EXPD,Expeditors,Industrials,Air Freight & Logistics,"Seattle, Washington",2007-10-10,0000746515,1979
188,EXR,Extra Space Storage,Real Estate,Specialized REITs,"Salt Lake City, Utah",2016-01-19,0001289490,1977
189,XOM,ExxonMobil,Energy,Integrated Oil & Gas,"Irving, Texas",1957-03-04,0000034088,1999
190,FFIV,F5,Information Technology,Communications Equipment,"Seattle, Washington",2010-12-20,0001048695,1996
191,FDS,FactSet,Financials,Financial Exchanges & Data,"Norwalk, Connecticut",2021-12-20,0001013237,1978
192,FAST,Fastenal,Industrials,Building Products,"Winona, Minnesota",2008-09-15,0000815556,1967
193,FRT,Federal Realty,Real Estate,Retail REITs,"Rockville, Maryland",2016-02-01,0000034903,1962
194,FDX,FedEx,Industrials,Air Freight & Logistics,"Memphis, Tennessee",1980-12-31,0001048911,1971
195,FITB,Fifth Third Bank,Financials,Regional Banks,"Cincinnati, Ohio",,0000035527,1858
196,FRC,First Republic,Financials,Regional Banks,"San Francisco, California",2019-01-02,0001132979,1985
197,FE,FirstEnergy,Utilities,Electric Utilities,"Akron, Ohio",,0001031296,1997
198,FIS,FIS,Information Technology,Data Processing & Outsourced Services,"Jacksonville, Florida",2006-11-10,0001136893,1968
199,FISV,Fiserv,Information Technology,Data Processing & Outsourced Services,"Brookfield, Wisconsin",2001-04-02,0000798354,1984
200,FLT,Fleetcor,Information Technology,Data Processing & Outsourced Services,"Norcross, Georgia",2018-06-20,0001175454,2000
201,FMC,FMC,Materials,Fertilizers & Agricultural Chemicals,"Philadelphia, Pennsylvania",2009-08-19,0000037785,1883
202,F,Ford,Consumer Discretionary,Automobile Manufacturers,"Dearborn, Michigan",1957-03-04,0000037996,1903
203,FTNT,Fortinet,Information Technology,Systems Software,"Sunnyvale, California",2018-10-11,0001262039,2000
204,FTV,Fortive,Industrials,Industrial Machinery,"Everett, Washington",2016-07-01,0001659166,2016
205,FBHS,Fortune Brands,Industrials,Building Products,"Deerfield, Illinois",2016-06-22,0001519751,2011
206,FOXA,Fox Corporation (Class A),Communication Services,Movies & Entertainment,"New York City, New York",2013-07-01,0001754301,2019
207,FOX,Fox Corporation (Class B),Communication Services,Movies & Entertainment,"New York City, New York",2015-09-18,0001754301,2019
208,BEN,Franklin Templeton,Financials,Asset Management & Custody Banks,"San Mateo, California",,0000038777,1947
209,FCX,Freeport-McMoRan,Materials,Copper,"Phoenix, Arizona",,0000831259,1912
210,AJG,Gallagher,Financials,Insurance Brokers,"Rolling Meadows, Illinois",2016-05-31,0000354190,1927
211,GRMN,Garmin,Consumer Discretionary,Consumer Electronics,"Schaffhausen, Switzerland",2012-12-12,0001121788,1989
212,IT,Gartner,Information Technology,IT Consulting & Other Services,"Stamford, Connecticut",2017-04-05,0000749251,1979
213,GE,GE,Industrials,Industrial Conglomerates,"Boston, Massachusetts",,0000040545,1892
214,GNRC,Generac,Industrials,Electrical Components & Equipment,"Waukesha, Wisconsin",2021-03-22,0001474735,1959
215,GD,General Dynamics,Industrials,Aerospace & Defense,"Falls Church, Virginia",1957-03-04,0000040533,1899
216,GIS,General Mills,Consumer Staples,Packaged Foods & Meats,"Golden Valley, Minnesota",1969-03-31,0000040704,1856
217,GPC,Genuine Parts,Consumer Discretionary,Specialty Stores,"Atlanta, Georgia",1973-12-31,0000040987,1925
218,GILD,Gilead,Health Care,Biotechnology,"Foster City, California",2004-07-01,0000882095,1987
219,GL,Globe Life,Financials,Life & Health Insurance,"McKinney, Texas",1989-04-30,0000320335,1900
220,GPN,Global Payments,Information Technology,Data Processing & Outsourced Services,"Atlanta, Georgia",2016-04-25,0001123360,2000
221,GM,GM,Consumer Discretionary,Automobile Manufacturers,"Detroit, Michigan",2013-06-06,0001467858,1908
222,GS,Goldman Sachs,Financials,Investment Banking & Brokerage,"New York City, New York",2002-07-22,0000886982,1869
223,GWW,Grainger,Industrials,Industrial Machinery,"Lake Forest, Illinois",1981-06-30,0000277135,1927
224,HAL,Halliburton,Energy,Oil & Gas Equipment & Services,"Houston, Texas",1957-03-04,0000045012,1919
225,HIG,Hartford (The),Financials,Property & Casualty Insurance,"Hartford, Connecticut",1957-03-04,0000874766,1810
226,HAS,Hasbro,Consumer Discretionary,Leisure Products,"Pawtucket, Rhode Island",1984-09-30,0000046080,1923
227,HCA,HCA Healthcare,Health Care,Health Care Facilities,"Nashville, Tennessee",2015-01-27,0000860730,1968
228,PEAK,Healthpeak,Real Estate,Health Care REITs,"Long Beach, California",2008-03-31,0000765880,1985
229,HSIC,Henry Schein,Health Care,Health Care Distributors,"Melville, New York",2015-03-17,0001000228,1932
230,HSY,Hershey's,Consumer Staples,Packaged Foods & Meats,"Hershey, Pennsylvania",1957-03-04,0000047111,1894
231,HES,Hess,Energy,Integrated Oil & Gas,"New York City, New York",1984-05-31,0000004447,1919
232,HPE,Hewlett Packard Enterprise,Information Technology,"Technology Hardware, Storage & Peripherals","Houston, Texas",2015-11-02,0001645590,2015
233,HLT,Hilton,Consumer Discretionary,"Hotels, Resorts & Cruise Lines","Tysons Corner, Virginia",2017-06-19,0001585689,1919
234,HOLX,Hologic,Health Care,Health Care Equipment,"Marlborough, Massachusetts",2016-03-30,0000859737,1985
235,HD,Home Depot,Consumer Discretionary,Home Improvement Retail,"Atlanta, Georgia",1988-03-31,0000354950,1978
236,HON,Honeywell,Industrials,Industrial Conglomerates,"Charlotte, North Carolina",1964-03-31,0000773840,1906
237,HRL,Hormel,Consumer Staples,Packaged Foods & Meats,"Austin, Minnesota",2009-03-04,0000048465,1891
238,HST,Host Hotels & Resorts,Real Estate,Hotel & Resort REITs,"Bethesda, Maryland",2007-03-20,0001070750,1993
239,HWM,Howmet Aerospace,Industrials,Aerospace & Defense,"Pittsburgh, Pennsylvania",1964-03-31,0000004281,2016
240,HPQ,HP,Information Technology,"Technology Hardware, Storage & Peripherals","Palo Alto, California",1974-12-31,0000047217,1939
241,HUM,Humana,Health Care,Managed Health Care,"Louisville, Kentucky",,0000049071,1961
242,HII,Huntington Ingalls Industries,Industrials,Aerospace & Defense,"Newport News, Virginia",2018-01-03,0001501585,2011
243,HBAN,Huntington National Bank,Financials,Regional Banks,"Columbus, Ohio; Detroit, Michigan",,0000049196,1866
244,IEX,IDEX,Industrials,Industrial Machinery,"Lake Forest, Illinois",2019-08-09,0000832101,1988
245,IDXX,Idexx Laboratories,Health Care,Health Care Equipment,"Westbrook, Maine",2017-01-05,0000874716,1983
246,ITW,Illinois Tool Works,Industrials,Industrial Machinery,"Glenview, Illinois",1986-02-28,0000049826,1912
247,ILMN,Illumina,Health Care,Life Sciences Tools & Services,"San Diego, California",2015-11-19,0001110803,1998
248,INCY,Incyte,Health Care,Biotechnology,"Wilmington, Delaware",2017-02-28,0000879169,1991
249,IR,Ingersoll Rand,Industrials,Industrial Machinery,"Davidson, North Carolina",2020-03-03,0001699150,1859
250,INTC,Intel,Information Technology,Semiconductors,"Santa Clara, California",1976-12-31,0000050863,1968
251,ICE,Intercontinental Exchange,Financials,Financial Exchanges & Data,"Atlanta, Georgia",2007-09-26,0001571949,2000
252,IBM,IBM,Information Technology,IT Consulting & Other Services,"Armonk, New York",1957-03-04,0000051143,1911
253,IP,International Paper,Materials,Paper Packaging,"Memphis, Tennessee",1957-03-04,0000051434,1898
254,IPG,Interpublic Group,Communication Services,Advertising,"New York City, New York",1992-10-01,0000051644,1961
255,IFF,International Flavors & Fragrances,Materials,Specialty Chemicals,"New York City, New York",1976-03-31,0000051253,1958
256,INTU,Intuit,Information Technology,Application Software,"Mountain View, California",2000-12-05,0000896878,1983
257,ISRG,Intuitive Surgical,Health Care,Health Care Equipment,"Sunnyvale, California",2008-06-02,0001035267,1995
258,IVZ,Invesco,Financials,Asset Management & Custody Banks,"Atlanta, Georgia",2008-08-21,0000914208,1935
259,IPGP,IPG Photonics,Information Technology,Electronic Manufacturing Services,"Oxford, Massachusetts",2018-03-07,0001111928,1990
260,IQV,IQVIA,Health Care,Life Sciences Tools & Services,"Durham, North Carolina",2017-08-29,0001478242,1982
261,IRM,Iron Mountain,Real Estate,Specialized REITs,"Boston, Massachusetts",2009-01-06,0001020569,1951
262,JBHT,J.B. Hunt,Industrials,Trucking,"Lowell, Arkansas",2015-07-01,0000728535,1961
263,JKHY,Jack Henry & Associates,Information Technology,Data Processing & Outsourced Services,"Monett, Missouri",2018-11-13,0000779152,1976
264,J,Jacobs,Industrials,Construction & Engineering,"Dallas, Texas",2007-10-26,0000052988,1947
265,JNJ,Johnson & Johnson,Health Care,Pharmaceuticals,"New Brunswick, New Jersey",1973-06-30,0000200406,1886
266,JCI,Johnson Controls,Industrials,Building Products,"Cork, Ireland",2010-08-27,0000833444,1885
267,JPM,JPMorgan Chase,Financials,Diversified Banks,"New York City, New York",1975-06-30,0000019617,2000
268,JNPR,Juniper Networks,Information Technology,Communications Equipment,"Sunnyvale, California",2006-06-02,0001043604,1996
269,K,Kellogg's,Consumer Staples,Packaged Foods & Meats,"Battle Creek, Michigan",1989-09-11,0000055067,1906
270,KEY,KeyCorp,Financials,Regional Banks,"Cleveland, Ohio",1994-03-01,0000091576,1825
271,KEYS,Keysight,Information Technology,Electronic Equipment & Instruments,"Santa Rosa, California",2018-11-06,0001601046,2014
272,KMB,Kimberly-Clark,Consumer Staples,Household Products,"Irving, Texas",1957-03-04,0000055785,1872
273,KIM,Kimco Realty,Real Estate,Retail REITs,"New Hyde Park, New York",2006-04-04,0000879101,1958
274,KMI,Kinder Morgan,Energy,Oil & Gas Storage & Transportation,"Houston, Texas",2012-05-25,0001506307,1997
275,KLAC,KLA,Information Technology,Semiconductor Equipment,"Milpitas, California",,0000319201,1975/1977
276,KHC,Kraft Heinz,Consumer Staples,Packaged Foods & Meats,"Chicago, Illinois; Pittsburgh, Pennsylvania",2015-07-06,0001637459,2015
277,KR,Kroger,Consumer Staples,Food Retail,"Cincinnati, Ohio",1957-03-04,0000056873,1883
278,LHX,L3Harris,Industrials,Aerospace & Defense,"Melbourne, Florida",2008-09-22,0000202058,2019
279,LH,LabCorp,Health Care,Health Care Services,"Burlington, North Carolina",2004-11-01,0000920148,1978
280,LRCX,Lam Research,Information Technology,Semiconductor Equipment,"Fremont, California",2012-06-29,0000707549,1980
281,LW,Lamb Weston,Consumer Staples,Packaged Foods & Meats,"Eagle, Idaho",2018-12-03,0001679273,2016
282,LVS,Las Vegas Sands,Consumer Discretionary,Casinos & Gaming,"Las Vegas, Nevada",2019-10-03,0001300514,1988
283,LDOS,Leidos,Industrials,Diversified Support Services,"Reston, Virginia",2019-08-09,0001336920,1969
284,LEN,Lennar,Consumer Discretionary,Homebuilding,"Miami, Florida",2005-10-04,0000920760,1954
285,LLY,Lilly,Health Care,Pharmaceuticals,"Indianapolis, Indiana",1970-12-31,0000059478,1876
286,LNC,Lincoln Financial,Financials,Multi-line Insurance,"Radnor, Pennsylvania",1976-06-30,0000059558,1905
287,LIN,Linde,Materials,Industrial Gases,"Guildford, England",1992-07-01,0001707925,1879
288,LYV,Live Nation Entertainment,Communication Services,Movies & Entertainment,"Beverly Hills, California",2019-12-23,0001335258,2010
289,LKQ,LKQ Corporation,Consumer Discretionary,Distributors,"Chicago, Illinois",2016-05-23,0001065696,1998
290,LMT,Lockheed Martin,Industrials,Aerospace & Defense,"Bethesda, Maryland",1984-07-31,0000936468,1995
291,L,Loews Corporation,Financials,Multi-line Insurance,"New York City, New York",,0000060086,1959
292,LOW,Lowe's,Consumer Discretionary,Home Improvement Retail,"Mooresville, North Carolina",1984-02-29,0000060667,1904/1946/1959
293,LUMN,Lumen,Communication Services,Alternative Carriers,"Monroe, Louisiana",1999-03-25,0000018926,1983
294,LYB,LyondellBasell,Materials,Specialty Chemicals,"Rotterdam, Netherlands",2012-09-05,0001489393,2007
295,MTB,M&T Bank,Financials,Regional Banks,"Buffalo, New York",2004-02-23,0000036270,1856
296,MRO,Marathon Oil,Energy,Oil & Gas Exploration & Production,"Houston, Texas",1991-05-01,0000101778,1887
297,MPC,Marathon Petroleum,Energy,Oil & Gas Refining & Marketing,"Findlay, Ohio",2011-07-01,0001510295,2009
298,MKTX,MarketAxess,Financials,Financial Exchanges & Data,"New York City, New York",2019-07-01,0001278021,2000
299,MAR,Marriott International,Consumer Discretionary,"Hotels, Resorts & Cruise Lines","Bethesda, Maryland",,0001048286,1927
300,MMC,Marsh & McLennan,Financials,Insurance Brokers,"New York City, New York",1987-08-31,0000062709,1905
301,MLM,Martin Marietta,Materials,Construction Materials,"Raleigh, North Carolina",2014-07-02,0000916076,1993
302,MAS,Masco,Industrials,Building Products,"Livonia, Michigan",1981-06-30,0000062996,1929
303,MA,Mastercard,Information Technology,Data Processing & Outsourced Services,"Harrison, New York",2008-07-18,0001141391,1966
304,MTCH,Match Group,Communication Services,Interactive Media & Services,"Dallas, Texas",2021-09-20,0000891103,1986
305,MKC,McCormick,Consumer Staples,Packaged Foods & Meats,"Hunt Valley, Maryland",2003-03-20,0000063754,1889
306,MCD,McDonald's,Consumer Discretionary,Restaurants,"Chicago, Illinois",1970-06-30,0000063908,1940
307,MCK,McKesson,Health Care,Health Care Distributors,"Irving, Texas",,0000927653,1833
308,MDT,Medtronic,Health Care,Health Care Equipment,"Dublin, Ireland",1986-10-31,0001613103,1949
309,MRK,Merck,Health Care,Pharmaceuticals,"Kenilworth, New Jersey",1957-03-04,0000310158,1891
310,FB,Meta,Communication Services,Interactive Media & Services,"Menlo Park, California",2013-12-23,0001326801,2004
311,MET,MetLife,Financials,Life & Health Insurance,"New York City, New York",,0001099219,1868
312,MTD,Mettler Toledo,Health Care,Life Sciences Tools & Services,"Columbus, Ohio",2016-09-06,0001037646,1945
313,MGM,MGM Resorts,Consumer Discretionary,Casinos & Gaming,"Paradise, Nevada",2017-07-26,0000789570,1986
314,MCHP,Microchip,Information Technology,Semiconductors,"Chandler, Arizona",2007-09-07,0000827054,1989
315,MU,Micron,Information Technology,Semiconductors,"Boise, Idaho",1994-09-27,0000723125,1978
316,MSFT,Microsoft,Information Technology,Systems Software,"Redmond, Washington",1994-06-01,0000789019,1975
317,MAA,Mid-America Apartments,Real Estate,Residential REITs,"Memphis, Tennessee",2016-12-02,0000912595,1977
318,MRNA,Moderna,Health Care,Biotechnology,"Cambridge, Massachusetts",2021-07-21,0001682852,2010
319,MHK,Mohawk Industries,Consumer Discretionary,Home Furnishings,"Calhoun, Georgia",2013-12-23,0000851968,1878
320,MOH,Molina Healthcare,Health Care,Managed Health Care,"Long Beach, California",2022-03-02,0001179929,1980
321,TAP,Molson Coors,Consumer Staples,Brewers,"Chicago, Illinois",1976-06-30,0000024545,2005
322,MDLZ,Mondelez International,Consumer Staples,Packaged Foods & Meats,"Chicago, Illinois",2012-10-02,0001103982,2012
323,MPWR,Monolithic Power Systems,Information Technology,Semiconductors,"Kirkland, Washington",2021-02-12,0001280452,1997
324,MNST,Monster Beverage,Consumer Staples,Soft Drinks,"Corona, California",2012-06-28,0000865752,2012
325,MCO,Moody's,Financials,Financial Exchanges & Data,"New York City, New York",,0001059556,1909
326,MS,Morgan Stanley,Financials,Investment Banking & Brokerage,"New York City, New York",,0000895421,1935
327,MOS,Mosaic,Materials,Fertilizers & Agricultural Chemicals,"Tampa, Florida",2011-09-26,0001285785,2004
328,MSI,Motorola Solutions,Information Technology,Communications Equipment,"Chicago, Illinois",,0000068505,1928
329,MSCI,MSCI,Financials,Financial Exchanges & Data,"New York City, New York",2018-04-04,0001408198,1969
330,NDAQ,Nasdaq,Financials,Financial Exchanges & Data,"New York City, New York",2008-10-22,0001120193,1971
331,NTAP,NetApp,Information Technology,"Technology Hardware, Storage & Peripherals","Sunnyvale, California",1999-06-25,0001002047,1992
332,NFLX,Netflix,Communication Services,Movies & Entertainment,"Los Gatos, California",2010-12-20,0001065280,1997
333,NWL,Newell Brands,Consumer Discretionary,Housewares & Specialties,"Atlanta, Georgia",1989-04-30,0000814453,1903
334,NEM,Newmont,Materials,Gold,"Denver, Colorado",1969-06-30,0001164727,1921
335,NWSA,News Corp (Class A),Communication Services,Publishing,"New York City, New York",2013-08-01,0001564708,2013
336,NWS,News Corp (Class B),Communication Services,Publishing,"New York City, New York",2015-09-18,0001564708,2013
337,NEE,NextEra Energy,Utilities,Multi-Utilities,"Juno Beach, Florida",1976-06-30,0000753308,1984
338,NLSN,Nielsen,Industrials,Research & Consulting Services,"New York City, New York",2013-07-09,0001492633,1923
339,NKE,Nike,Consumer Discretionary,"Apparel, Accessories & Luxury Goods","Washington County, Oregon",1988-11-30,0000320187,1964
340,NI,NiSource,Utilities,Multi-Utilities,"Merrillville, Indiana",,0001111711,1912
341,NDSN,Nordson,Industrials,Industrial Machinery,"Westlake, Ohio",2022-02-15,0000072331,1935
342,NSC,Norfolk Southern,Industrials,Railroads,"Norfolk, Virginia",1957-03-04,0000702165,1881/1894
343,NTRS,Northern Trust,Financials,Asset Management & Custody Banks,"Chicago, Illinois",,0000073124,1889
344,NOC,Northrop Grumman,Industrials,Aerospace & Defense,"West Falls Church, Virginia",1985-06-30,0001133421,1994
345,NLOK,NortonLifeLock,Information Technology,Application Software,"Tempe, Arizona",2003-03-25,0000849399,1982
346,NCLH,Norwegian Cruise Line Holdings,Consumer Discretionary,"Hotels, Resorts & Cruise Lines","Miami, Florida",2017-10-13,0001513761,2011
347,NRG,NRG Energy,Utilities,Independent Power Producers & Energy Traders,"Houston, Texas",2010-01-29,0001013871,1992
348,NUE,Nucor,Materials,Steel,"Charlotte, North Carolina",1985-04-30,0000073309,1940
349,NVDA,Nvidia,Information Technology,Semiconductors,"Santa Clara, California",2001-11-30,0001045810,1993
350,NVR,NVR,Consumer Discretionary,Homebuilding,"Reston, Virginia",2019-09-26,0000906163,1980
351,NXPI,NXP,Information Technology,Semiconductors,"Eindhoven, Netherlands",2021-03-22,0001413447,1953
352,ORLY,O'Reilly Automotive,Consumer Discretionary,Specialty Stores,"Springfield, Missouri",2009-03-27,0000898173,1957
353,OXY,Occidental Petroleum,Energy,Oil & Gas Exploration & Production,"Houston, Texas",1982-12-31,0000797468,1920
354,ODFL,Old Dominion,Industrials,Trucking,"Thomasville, North Carolina",2019-12-09,0000878927,1934
355,OMC,Omnicom Group,Communication Services,Advertising,"New York City, New York",,0000029989,1986
356,OKE,Oneok,Energy,Oil & Gas Storage & Transportation,"Tulsa, Oklahoma",2010-03-15,0001039684,1906
357,ORCL,Oracle,Information Technology,Application Software,"Austin, Texas",1989-08-31,0001341439,1977
358,OGN,Organon,Health Care,Pharmaceuticals,"Jersey City, New Jersey",2021-06-03,0001821825,2021
359,OTIS,Otis,Industrials,Industrial Machinery,"Farmington, Connecticut",2020-04-03,0001781335,2020
360,PCAR,Paccar,Industrials,Construction Machinery & Heavy Trucks,"Bellevue, Washington",1980-12-31,0000075362,1905
361,PKG,Packaging Corporation of America,Materials,Paper Packaging,"Lake Forest, Illinois",2017-07-26,0000075677,1959
362,PARA,Paramount,Communication Services,Movies & Entertainment,"New York City, New York",,0000813828,2019
363,PH,Parker,Industrials,Industrial Machinery,"Cleveland, Ohio",1985-11-30,0000076334,1917
364,PAYX,Paychex,Information Technology,Data Processing & Outsourced Services,"Penfield, New York",,0000723531,1971
365,PAYC,Paycom,Information Technology,Application Software,"Oklahoma City, Oklahoma",2020-01-28,0001590955,1998
366,PYPL,PayPal,Information Technology,Data Processing & Outsourced Services,"San Jose, California",2015-07-20,0001633917,1998
367,PENN,Penn National Gaming,Consumer Discretionary,Casinos & Gaming,"Wyomissing, Pennsylvania",2021-03-22,0000921738,1972
368,PNR,Pentair,Industrials,Industrial Machinery,"Worsley, England",2012-10-01,0000077360,1966
369,PEP,PepsiCo,Consumer Staples,Soft Drinks,"Purchase, New York",1957-03-04,0000077476,1898
370,PKI,PerkinElmer,Health Care,Health Care Equipment,"Waltham, Massachusetts",1985-05-31,0000031791,1937
371,PFE,Pfizer,Health Care,Pharmaceuticals,"New York City, New York",1957-03-04,0000078003,1849
372,PM,Philip Morris International,Consumer Staples,Tobacco,"New York City, New York",2008-03-31,0001413329,2008
373,PSX,Phillips 66,Energy,Oil & Gas Refining & Marketing,"Houston, Texas",2012-05-01,0001534701,2012
374,PNW,Pinnacle West,Utilities,Multi-Utilities,"Phoenix, Arizona",,0000764622,1985
375,PXD,Pioneer Natural Resources,Energy,Oil & Gas Exploration & Production,"Irving, Texas",2008-09-24,0001038357,1997
376,PNC,PNC Financial Services,Financials,Regional Banks,"Pittsburgh, Pennsylvania",1988-04-30,0000713676,1845
377,POOL,Pool Corporation,Consumer Discretionary,Distributors,"Covington, Louisiana",2020-10-07,0000945841,1993
378,PPG,PPG Industries,Materials,Specialty Chemicals,"Pittsburgh, Pennsylvania",1957-03-04,0000079879,1883
379,PPL,PPL,Utilities,Electric Utilities,"Allentown, Pennsylvania",,0000922224,1920
380,PFG,Principal,Financials,Life & Health Insurance,"Des Moines, Iowa",2002-07-22,0001126328,1879
381,PG,Procter & Gamble,Consumer Staples,Personal Products,"Cincinnati, Ohio",1957-03-04,0000080424,1837
382,PGR,Progressive,Financials,Property & Casualty Insurance,"Mayfield Village, Ohio",1997-08-04,0000080661,1937
383,PLD,Prologis,Real Estate,Industrial REITs,"San Francisco, California",2003-07-17,0001045609,1983
384,PRU,Prudential,Financials,Life & Health Insurance,"Newark, New Jersey",2002-07-22,0001137774,1875
385,PEG,PSEG,Utilities,Electric Utilities,"Newark, New Jersey",1957-03-04,0000788784,1903
386,PTC,PTC,Information Technology,Application Software,"Boston, Massachusetts",2021-04-20,0000857005,1985
387,PSA,Public Storage,Real Estate,Specialized REITs,"Glendale, California",2005-08-19,0001393311,1972
388,PHM,PulteGroup,Consumer Discretionary,Homebuilding,"Atlanta, Georgia",1984-04-30,0000822416,1956
389,PVH,PVH,Consumer Discretionary,"Apparel, Accessories & Luxury Goods","New York City, New York",2013-02-15,0000078239,1881
390,QRVO,Qorvo,Information Technology,Semiconductors,"Greensboro, North Carolina",2015-06-11,0001604778,2015
391,PWR,Quanta,Industrials,Construction & Engineering,"Houston, Texas",2009-07-01,0001050915,1997
392,QCOM,Qualcomm,Information Technology,Semiconductors,"San Diego, California",,0000804328,1985
393,DGX,Quest Diagnostics,Health Care,Health Care Services,"Secaucus, New Jersey",2002-12-12,0001022079,1967
394,RL,Ralph Lauren,Consumer Discretionary,"Apparel, Accessories & Luxury Goods","New York City, New York",2007-02-02,0001037038,1967
395,RJF,Raymond James,Financials,Investment Banking & Brokerage,"St. Petersburg, Florida",2017-03-20,0000720005,1962
396,RTX,Raytheon Technologies,Industrials,Aerospace & Defense,"Waltham, Massachusetts",,0000101829,1922
397,O,Realty Income,Real Estate,Retail REITs,"San Diego, California",2015-04-07,0000726728,1969
398,REG,Regency Centers,Real Estate,Retail REITs,"Jacksonville, Florida",2017-03-02,0000910606,1963
399,REGN,Regeneron,Health Care,Biotechnology,"Tarrytown, New York",2013-05-01,0000872589,1988
400,RF,Regions,Financials,Regional Banks,"Birmingham, Alabama",1998-08-28,0001281761,1971
401,RSG,Republic Services,Industrials,Environmental & Facilities Services,"Phoenix, Arizona",2008-12-05,0001060391,1998
402,RMD,ResMed,Health Care,Health Care Equipment,"San Diego, California",2017-07-26,0000943819,1989
403,RHI,Robert Half,Industrials,Human Resource & Employment Services,"Menlo Park, California",2000-12-05,0000315213,1948
404,ROK,Rockwell Automation,Industrials,Electrical Components & Equipment,"Milwaukee, Wisconsin",,0001024478,1903
405,ROL,Rollins,Industrials,Environmental & Facilities Services,"Atlanta, Georgia",2018-10-01,0000084839,1948
406,ROP,Roper,Industrials,Industrial Conglomerates,"Sarasota, Florida",2009-12-23,0000882835,1981
407,ROST,Ross,Consumer Discretionary,Apparel Retail,"Dublin, California",2009-12-21,0000745732,1982
408,RCL,Royal Caribbean Group,Consumer Discretionary,"Hotels, Resorts & Cruise Lines","Miami, Florida",2014-12-05,0000884887,1997
409,SPGI,S&P Global,Financials,Financial Exchanges & Data,"New York City, New York",,0000064040,1917
410,CRM,Salesforce,Information Technology,Application Software,"San Francisco, California",2008-09-15,0001108524,1999
411,SBAC,SBA Communications,Real Estate,Specialized REITs,"Boca Raton, Florida",2017-09-01,0001034054,1989
412,SLB,Schlumberger,Energy,Oil & Gas Equipment & Services,"Curaçao, Kingdom of the Netherlands",1965-03-31,0000087347,1926
413,STX,Seagate,Information Technology,"Technology Hardware, Storage & Peripherals","Dublin, Ireland",2012-07-02,0001137789,1979
414,SEE,Sealed Air,Materials,Paper Packaging,"Charlotte, North Carolina",1957-03-04,0001012100,1960
415,SRE,Sempra Energy,Utilities,Multi-Utilities,"San Diego, California",,0001032208,1998
416,NOW,ServiceNow,Information Technology,Systems Software,"Santa Clara, California",2019-11-21,0001373715,2003
417,SHW,Sherwin-Williams,Materials,Specialty Chemicals,"Cleveland, Ohio",1964-06-30,0000089800,1866
418,SBNY,Signature Bank,Financials,Regional Banks,"New York City, New York",2021-12-20,0001288784,2001
419,SPG,Simon,Real Estate,Retail REITs,"Indianapolis, Indiana",2002-06-26,0001063761,2003
420,SWKS,Skyworks,Information Technology,Semiconductors,"Woburn, Massachusetts",2015-03-12,0000004127,2002
421,SJM,Smucker,Consumer Staples,Packaged Foods & Meats,"Orrville, Ohio",2008-11-06,0000091419,1897
422,SNA,Snap-on,Industrials,Industrial Machinery,"Kenosha, Wisconsin",1982-09-30,0000091440,1920
423,SEDG,SolarEdge,Information Technology,Semiconductor Equipment,"Herzliya, Israel",2021-12-20,0001419612,2006
424,SO,Southern Company,Utilities,Electric Utilities,"Atlanta, Georgia",1957-03-04,0000092122,1945
425,LUV,Southwest Airlines,Industrials,Airlines,"Dallas, Texas",1994-07-01,0000092380,1967
426,SWK,Stanley Black & Decker,Industrials,Industrial Machinery,"New Britain, Connecticut",1982-09-30,0000093556,1843
427,SBUX,Starbucks,Consumer Discretionary,Restaurants,"Seattle, Washington",2000-06-07,0000829224,1971
428,STT,State Street,Financials,Asset Management & Custody Banks,"Boston, Massachusetts",,0000093751,1792
429,STE,Steris,Health Care,Health Care Equipment,"Dublin, Ireland",2019-12-23,0001757898,1985
430,SYK,Stryker,Health Care,Health Care Equipment,"Kalamazoo, Michigan",2000-12-12,0000310764,1941
431,SIVB,SVB Financial,Financials,Regional Banks,"Santa Clara, California",2018-03-19,0000719739,1983
432,SYF,Synchrony,Financials,Consumer Finance,"Stamford, Connecticut",2015-11-18,0001601712,2003
433,SNPS,Synopsys,Information Technology,Application Software,"Mountain View, California",2017-03-16,0000883241,1986
434,SYY,Sysco,Consumer Staples,Food Distributors,"Houston, Texas",1986-12-31,0000096021,1969
435,TMUS,T-Mobile,Communication Services,Wireless Telecommunication Services,"Bellevue, Washington",2019-07-15,0001283699,1994
436,TROW,T. Rowe Price,Financials,Asset Management & Custody Banks,"Baltimore, Maryland",,0001113169,1937
437,TTWO,Take-Two Interactive,Communication Services,Interactive Home Entertainment,"New York City, New York",2018-03-19,0000946581,1993
438,TPR,Tapestry,Consumer Discretionary,"Apparel, Accessories & Luxury Goods","New York City, New York",,0001116132,2017
439,TGT,Target,Consumer Discretionary,General Merchandise Stores,"Minneapolis, Minnesota",1976-12-31,0000027419,1902
440,TEL,TE Connectivity,Information Technology,Electronic Manufacturing Services,"Schaffhausen, Switzerland",2011-10-17,0001385157,2007
441,TDY,Teledyne,Industrials,Aerospace & Defense,"Thousand Oaks, California",2020-06-22,0001094285,1960
442,TFX,Teleflex,Health Care,Health Care Equipment,"Wayne, Pennsylvania",2019-01-18,0000096943,1943
443,TER,Teradyne,Information Technology,Semiconductor Equipment,"North Reading, Massachusetts",2020-09-21,0000097210,1960
444,TSLA,Tesla,Consumer Discretionary,Automobile Manufacturers,"Palo Alto, California",2020-12-21,0001318605,2003
445,TXN,Texas Instruments,Information Technology,Semiconductors,"Dallas, Texas",,0000097476,1930
446,TXT,Textron,Industrials,Aerospace & Defense,"Providence, Rhode Island",1978-12-31,0000217346,1923
447,TMO,Thermo Fisher Scientific,Health Care,Life Sciences Tools & Services,"Waltham, Massachusetts",2004-08-03,0000097745,2006
448,TJX,TJX Companies,Consumer Discretionary,Apparel Retail,"Framingham, Massachusetts",1985-09-30,0000109198,1987
449,TSCO,Tractor Supply,Consumer Discretionary,Specialty Stores,"Brentwood, Tennessee",2014-01-24,0000916365,1938
450,TT,Trane Technologies,Industrials,Building Products,"Dublin, Ireland",2010-11-17,0001466258,1871
451,TDG,TransDigm,Industrials,Aerospace & Defense,"Cleveland, Ohio",2016-06-03,0001260221,1993
452,TRV,Travelers,Financials,Property & Casualty Insurance,"New York City, New York",2002-08-21,0000086312,1853
453,TRMB,Trimble,Information Technology,Electronic Equipment & Instruments,"Sunnyvale, California",2021-01-21,0000864749,1978
454,TFC,Truist,Financials,Regional Banks,"Charlotte, North Carolina",1997-12-04,0000092230,1872
455,TWTR,Twitter,Communication Services,Interactive Media & Services,"San Francisco, California",2018-06-07,0001418091,2006
456,TYL,Tyler Technologies,Information Technology,Application Software,"Plano, Texas",2020-06-22,0000860731,1966
457,TSN,Tyson,Consumer Staples,Packaged Foods & Meats,"Springdale, Arkansas",2005-08-10,0000100493,1935
458,USB,U.S. Bank,Financials,Diversified Banks,"Minneapolis, Minnesota",,0000036104,1968
459,UDR,UDR,Real Estate,Residential REITs,"Highlands Ranch, Colorado",2016-03-07,0000074208,1972
460,ULTA,Ulta Beauty,Consumer Discretionary,Specialty Stores,"Bolingbrook, Illinois",2016-04-18,0001403568,1990
461,UAA,Under Armour (Class A),Consumer Discretionary,"Apparel, Accessories & Luxury Goods","Baltimore, Maryland",2014-05-01,0001336917,1996
462,UA,Under Armour (Class C),Consumer Discretionary,"Apparel, Accessories & Luxury Goods","Baltimore, Maryland",2016-04-08,0001336917,1996
463,UNP,Union Pacific,Industrials,Railroads,"Omaha, Nebraska",1957-03-04,0000100885,1862
464,UAL,United Airlines,Industrials,Airlines,"Chicago, Illinois",2015-09-03,0000100517,1967
465,UNH,UnitedHealth Group,Health Care,Managed Health Care,"Minnetonka, Minnesota",1994-07-01,0000731766,1977
466,UPS,United Parcel Service,Industrials,Air Freight & Logistics,"Sandy Springs, Georgia",2002-07-22,0001090727,1907
467,URI,United Rentals,Industrials,Trading Companies & Distributors,"Stamford, Connecticut",2014-09-20,0001067701,1997
468,UHS,Universal Health Services,Health Care,Health Care Facilities,"King of Prussia, Pennsylvania",2014-09-20,0000352915,1979
469,VLO,Valero,Energy,Oil & Gas Refining & Marketing,"San Antonio, Texas",,0001035002,1980
470,VTR,Ventas,Real Estate,Health Care REITs,"Chicago, Illinois",2009-03-04,0000740260,1998
471,VRSN,Verisign,Information Technology,Internet Services & Infrastructure,"Dulles, Virginia",2006-02-01,0001014473,1995
472,VRSK,Verisk,Industrials,Research & Consulting Services,"Jersey City, New Jersey",2015-10-08,0001442145,1971
473,VZ,Verizon,Communication Services,Integrated Telecommunication Services,"New York City, New York",1983-11-30,0000732712,1983
474,VRTX,Vertex,Health Care,Biotechnology,"Cambridge, Massachusetts",2013-09-23,0000875320,1989
475,VFC,VF Corporation,Consumer Discretionary,"Apparel, Accessories & Luxury Goods","Denver, Colorado",1979-06-30,0000103379,1899
476,VTRS,Viatris,Health Care,Pharmaceuticals,"Pittsburgh, Pennsylvania",2004-04-23,0001792044,1961
477,V,Visa,Information Technology,Data Processing & Outsourced Services,"San Francisco, California",2009-12-21,0001403161,1958
478,VNO,Vornado Realty Trust,Real Estate,Office REITs,"New York City, New York",2005,0000899689,1982
479,VMC,Vulcan Materials,Materials,Construction Materials,"Birmingham, Alabama",1999-06-30,0001396009,1909
480,WAB,Wabtec,Industrials,Construction Machinery & Heavy Trucks,"Pittsburgh, Pennsylvania",2019-02-27,0000943452,1999
481,WMT,Walmart,Consumer Staples,Hypermarkets & Super Centers,"Bentonville, Arkansas",1982-08-31,0000104169,1962
482,WBA,Walgreens Boots Alliance,Consumer Staples,Drug Retail,"Deerfield, Illinois",1979-12-31,0001618921,2014
483,WBD,Warner Bros. Discovery,Communication Services,Broadcasting,"New York City, New York",2022-04-11,0001437107,2022
484,WM,Waste Management,Industrials,Environmental & Facilities Services,"Houston, Texas",,0000823768,1968
485,WAT,Waters,Health Care,Health Care Distributors,"Milford, Massachusetts",,0001000697,1958
486,WEC,WEC Energy Group,Utilities,Electric Utilities,"Milwaukee, Wisconsin",2008-10-31,0000783325,1896
487,WFC,Wells Fargo,Financials,Diversified Banks,"San Francisco, California",1976-06-30,0000072971,1852
488,WELL,Welltower,Real Estate,Health Care REITs,"Toledo, Ohio",2009-01-30,0000766704,1970
489,WST,West Pharmaceutical Services,Health Care,Health Care Supplies,"Exton, Pennsylvania",2020-05-22,0000105770,1923
490,WDC,Western Digital,Information Technology,"Technology Hardware, Storage & Peripherals","San Jose, California",2009-07-01,0000106040,1970
491,WRK,WestRock,Materials,Paper Packaging,"Atlanta, Georgia",,0001732845,2015
492,WY,Weyerhaeuser,Real Estate,Specialized REITs,"Seattle, Washington",,0000106535,1900
493,WHR,Whirlpool,Consumer Discretionary,Household Appliances,"Benton Harbor, Michigan",,0000106640,1911
494,WMB,Williams,Energy,Oil & Gas Storage & Transportation,"Tulsa, Oklahoma",1975-03-31,0000107263,1908
495,WTW,Willis Towers Watson,Financials,Insurance Brokers,"London, England",2016-01-05,0001140536,2016
496,WYNN,Wynn Resorts,Consumer Discretionary,Casinos & Gaming,"Paradise, Nevada",2008-11-14,0001174922,2002
497,XEL,Xcel Energy,Utilities,Multi-Utilities,"Minneapolis, Minnesota",1957-03-04,0000072903,1909
498,XYL,Xylem,Industrials,Industrial Machinery,"White Plains, New York",2011-11-01,0001524472,2011
499,YUM,Yum! Brands,Consumer Discretionary,Restaurants,"Louisville, Kentucky",1997-10-06,0001041061,1997
500,ZBRA,Zebra,Information Technology,Electronic Equipment & Instruments,"Lincolnshire, Illinois",2019-12-23,0000877212,1969
501,ZBH,Zimmer Biomet,Health Care,Health Care Equipment,"Warsaw, Indiana",2001-08-07,0001136869,1927
502,ZION,Zions Bancorp,Financials,Regional Banks,"Salt Lake City, Utah",2001-06-22,0000109380,1873
503,ZTS,Zoetis,Health Care,Pharmaceuticals,"Parsippany, New Jersey",2013-06-21,0001555280,1952
